{
  "timestamp": "2026-01-23T17:09:18.616343",
  "model_type": "RandomForestClassifier",
  "n_estimators": 100,
  "max_depth": 10,
  "training_samples": 56,
  "validation_samples": 15,
  "features": 88,
  "train_accuracy": 1.0,
  "val_accuracy": 0.8666666666666667,
  "val_roc_auc": 0.9545454545454546
}